Timestamp,Distancia_cm,Movimiento_PIR,Color_Detectado,RGB_R,RGB_G,RGB_B,Tiempo_Reaccion_ms,Num_Ronda,Acierto,Velocidad_Juego_ms
11891,12,1,Rojo,255,40,40,5269,1,1,772,1
14490,0,1,Rojo,255,40,40,618,2,1,744,2
14643,0,1,Rojo,255,40,40,1,2,1,744,2
17844,0,1,Rojo,255,40,40,621,3,1,716,3
18406,0,1,Rojo,255,40,40,411,3,1,716,3
19119,0,1,Rojo,255,40,40,562,3,1,716,3
22713,0,1,Rojo,255,40,40,414,4,1,688,4
23326,0,1,Rojo,255,40,40,462,4,1,688,4
23888,0,1,Rojo,255,40,40,410,4,1,688,4
25063,0,1,Verde,40,255,40,1023,4,1,688,4
29932,0,1,Rojo,255,40,40,1087,5,1,660,5
30492,0,1,Rojo,255,40,40,408,5,1,660,5
31003,0,1,Rojo,255,40,40,359,5,1,660,5
31619,0,1,Verde,40,255,40,463,5,1,660,5
32079,0,1,Verde,40,255,40,309,5,1,660,5
37495,0,1,Rojo,255,40,40,1035,6,1,632,6
37955,0,1,Rojo,255,40,40,308,6,1,632,6
38515,0,1,Rojo,255,40,40,408,6,1,632,6
39388,0,1,Verde,40,255,40,721,6,1,632,6
39898,0,1,Verde,40,255,40,359,6,1,632,6
40508,0,1,Verde,40,255,40,459,6,1,632,6
47048,0,1,Rojo,255,40,40,1559,7,1,604,7
47558,0,1,Rojo,255,40,40,358,7,1,604,7
48068,0,1,Rojo,255,40,40,358,7,1,604,7
48734,0,1,Verde,40,255,40,514,7,1,604,7
49244,0,1,Verde,40,255,40,359,7,1,604,7
49804,0,1,Verde,40,255,40,409,7,1,604,7
50726,0,1,Verde,40,255,40,771,7,1,604,7
57240,0,1,Rojo,255,40,40,933,8,1,576,8
57802,0,1,Rojo,255,40,40,409,8,1,576,8
58362,0,1,Rojo,255,40,40,409,8,1,576,8
59130,0,1,Verde,40,255,40,616,8,1,576,8
59589,0,1,Verde,40,255,40,307,8,1,576,8
60148,0,1,Verde,40,255,40,407,8,1,576,8
60657,0,1,Verde,40,255,40,357,8,1,576,8
61739,0,1,Rojo,255,40,40,930,8,1,576,8
69573,0,1,Rojo,255,40,40,1654,9,1,548,9
70236,0,1,Rojo,255,40,40,511,9,1,548,9
70848,0,1,Rojo,255,40,40,461,9,1,548,9
71666,0,1,Verde,40,255,40,666,9,1,548,9
72175,0,1,Verde,40,255,40,357,9,1,548,9
72683,0,1,Verde,40,255,40,356,9,1,548,9
73192,0,1,Verde,40,255,40,357,9,1,548,9
73910,0,1,Rojo,255,40,40,566,9,1,548,9
74369,0,1,Rojo,255,40,40,308,9,1,548,9
82343,0,1,Rojo,255,40,40,1194,10,1,520,10
82851,0,1,Rojo,255,40,40,356,10,1,520,10
83361,0,1,Rojo,255,40,40,358,10,1,520,10
84851,0,1,Verde,40,255,40,1338,10,1,520,10
85566,0,1,Verde,40,255,40,563,10,1,520,10
86230,0,1,Verde,40,255,40,510,10,1,520,10
86842,0,1,Verde,40,255,40,461,10,1,520,10
87560,0,1,Rojo,255,40,40,567,10,1,520,10
88069,0,1,Rojo,255,40,40,358,10,1,520,10
89199,0,1,Azul,40,40,255,979,10,1,520,10
97718,0,1,Rojo,255,40,40,1137,11,1,492,11
97869,0,1,Rojo,255,40,40,0,11,1,492,11
100965,0,1,Verde,40,255,40,2944,11,0,492,11
135879,41,1,Ninguno,40,40,40,6012,1,0,772,1
154578,51,1,Ninguno,40,40,40,6049,1,0,772,1
161653,52,1,Rojo,255,40,40,3567,1,1,772,1
165938,0,1,Rojo,255,40,40,2304,2,1,744,2
166811,0,1,Rojo,255,40,40,722,2,0,744,2
177380,12,1,Ninguno,40,40,40,6030,1,0,772,1
186636,34,1,Ninguno,40,40,40,6009,1,0,772,1
195021,35,1,Verde,40,255,40,4524,1,0,772,1
202183,37,1,Verde,40,255,40,3915,1,1,772,1
209539,0,1,Verde,40,255,40,5375,2,1,744,2
209691,0,1,Verde,40,255,40,1,2,1,744,2
215024,0,1,Verde,40,255,40,2752,3,1,716,3
215176,0,1,Verde,40,255,40,0,3,1,716,3
216152,0,1,Verde,40,255,40,825,3,1,716,3
221938,33,1,Verde,40,255,40,2630,4,1,688,4
222090,33,1,Verde,40,255,40,0,4,1,688,4
222242,33,1,Verde,40,255,40,1,4,1,688,4
222394,33,1,Verde,40,255,40,1,4,0,688,4
227609,34,1,Verde,40,255,40,1969,1,1,772,1
231589,0,1,Verde,40,255,40,1998,2,1,744,2
232553,0,1,Verde,40,255,40,812,2,1,744,2
241123,15,1,Ninguno,40,40,40,6015,3,0,716,3
250375,38,1,Ninguno,40,40,40,6005,1,0,772,1
259219,33,1,Azul,40,40,255,5598,1,1,772,1
262982,39,1,Azul,40,40,255,1807,2,1,744,2
263134,39,1,Azul,40,40,255,0,2,1,744,2
268531,39,1,Azul,40,40,255,2840,3,1,716,3
268684,39,1,Azul,40,40,255,1,3,1,716,3
272917,39,1,Verde,40,255,40,4082,3,1,716,3
282099,38,1,Ninguno,40,40,40,6026,4,0,688,4
288349,34,1,Azul,40,40,255,3003,1,0,772,1
297763,22,1,Ninguno,40,40,40,6038,1,0,772,1
307036,9,1,Ninguno,40,40,40,6028,1,0,772,1
316412,21,1,Ninguno,40,40,40,6000,1,0,772,1
328639,22,1,Ninguno,40,40,40,6008,1,0,772,1
337896,20,1,Ninguno,40,40,40,6011,1,0,772,1
357258,24,1,Azul,40,40,255,5808,1,1,772,1
360015,0,1,Azul,40,40,255,776,2,1,744,2
360167,0,1,Azul,40,40,255,0,2,1,744,2
364481,26,1,Azul,40,40,255,1758,3,1,716,3
365713,26,1,Azul,40,40,255,1080,3,1,716,3
365865,26,1,Azul,40,40,255,1,3,0,716,3
372697,21,1,Rojo,255,40,40,3585,1,0,772,1
383921,22,1,Rojo,255,40,40,4100,1,1,772,1
387431,21,1,Rojo,255,40,40,1555,2,1,744,2
387584,21,1,Rojo,255,40,40,2,2,0,744,2
396836,20,1,Ninguno,40,40,40,6006,1,0,772,1
412107,31,1,Verde,40,255,40,3624,1,1,772,1
415692,0,1,Verde,40,255,40,1603,2,1,744,2
420458,0,1,Rojo,255,40,40,4614,2,1,744,2
426451,0,1,Azul,40,40,255,3411,3,0,716,3
436345,12,1,Ninguno,40,40,40,6002,1,0,772,1
470676,7,1,Ninguno,40,40,40,6041,1,0,772,1
514186,6,1,Verde,40,255,40,4703,1,1,772,1
517560,0,1,Verde,40,255,40,1393,2,1,744,2
517711,0,1,Verde,40,255,40,0,2,1,744,2
521582,0,1,Verde,40,255,40,1290,3,1,716,3
522487,0,1,Verde,40,255,40,753,3,1,716,3
525374,0,1,Verde,40,255,40,2735,3,1,716,3
530922,0,1,Verde,40,255,40,2366,4,1,688,4
531176,0,1,Verde,40,255,40,102,4,1,688,4
537354,0,1,Ninguno,40,40,40,6026,4,0,688,4
547288,11,1,Verde,40,255,40,3770,1,1,772,1
555255,0,1,Rojo,255,40,40,5986,2,0,744,2
572500,13,1,Azul,40,40,255,2885,1,1,772,1
577530,0,1,Azul,40,40,255,3048,2,1,744,2
578818,0,1,Rojo,255,40,40,1136,2,1,744,2
587414,0,1,Ninguno,40,40,40,6015,3,0,716,3
597675,34,1,Ninguno,40,40,40,6000,1,0,772,1
606963,34,1,Ninguno,40,40,40,6041,1,0,772,1
618084,32,1,Ninguno,40,40,40,6010,1,0,772,1
629336,29,1,Ninguno,40,40,40,6020,1,0,772,1
651923,31,1,Ninguno,40,40,40,6026,1,0,772,1
738161,14,1,Ninguno,40,40,40,6050,1,0,772,1
758031,52,1,Azul,40,40,255,1555,1,1,772,1
765626,0,1,Azul,40,40,255,5614,2,1,744,2
765777,0,1,Azul,40,40,255,0,2,0,744,2
786165,40,1,Rojo,255,40,40,2528,1,1,772,1
789177,0,1,Verde,40,255,40,1030,2,0,744,2
826692,31,1,Rojo,255,40,40,1444,1,1,772,1
833037,0,1,Azul,40,40,255,4362,2,0,744,2
842952,21,1,Ninguno,40,40,40,6023,1,0,772,1
856991,50,1,Ninguno,40,40,40,6010,1,0,772,1
866634,13,1,Ninguno,40,40,40,6036,1,0,772,1
875887,16,1,Ninguno,40,40,40,6008,1,0,772,1
887714,51,1,Ninguno,40,40,40,6042,1,0,772,1
900990,15,1,Ninguno,40,40,40,6041,1,0,772,1
904367,14,1,Rojo,255,40,40,1,1,0,772,1
913634,15,1,Ninguno,40,40,40,6022,1,0,772,1
939038,7,1,Ninguno,40,40,40,6005,1,0,772,1
949229,11,1,Ninguno,40,40,40,6041,1,0,772,1
954824,7,1,Azul,40,40,255,2220,1,1,772,1
958509,0,1,Verde,40,255,40,1703,2,0,744,2
968040,49,1,Ninguno,40,40,40,6025,1,0,772,1
981452,66,1,Ninguno,40,40,40,6028,1,0,772,1
990982,79,1,Ninguno,40,40,40,6021,1,0,772,1
1003634,69,1,Ninguno,40,40,40,6043,1,0,772,1
1060080,79,1,Ninguno,40,40,40,6002,1,0,772,1
1078213,59,1,Ninguno,40,40,40,6011,1,0,772,1
1087478,59,1,Ninguno,40,40,40,6017,1,0,772,1
1096776,59,1,Ninguno,40,40,40,6050,1,0,772,1
1106066,60,1,Ninguno,40,40,40,6042,1,0,772,1
1115355,59,1,Ninguno,40,40,40,6041,1,0,772,1
1124606,60,1,Ninguno,40,40,40,6002,1,0,772,1
1133900,60,1,Ninguno,40,40,40,6044,1,0,772,1
1143195,62,1,Ninguno,40,40,40,6046,1,0,772,1
1152443,61,1,Ninguno,40,40,40,6000,1,0,772,1
1161691,60,1,Ninguno,40,40,40,6000,1,0,772,1
1170983,59,1,Ninguno,40,40,40,6044,1,0,772,1
1180242,60,1,Ninguno,40,40,40,6010,1,0,772,1
1189513,61,1,Ninguno,40,40,40,6022,1,0,772,1
1198784,59,1,Ninguno,40,40,40,6023,1,0,772,1
1216865,59,1,Ninguno,40,40,40,6045,1,0,772,1
1223291,49,1,Rojo,255,40,40,981,1,1,772,1
1225995,0,1,Rojo,255,40,40,723,2,1,744,2
1226710,0,1,Verde,40,255,40,564,2,1,744,2
1230069,0,1,Rojo,255,40,40,778,3,1,716,3
1230837,0,1,Verde,40,255,40,616,3,1,716,3
1231503,0,1,Rojo,255,40,40,514,3,1,716,3
1235305,0,1,Rojo,255,40,40,620,4,1,688,4
1236022,0,1,Verde,40,255,40,565,4,1,688,4
1237350,0,1,Rojo,255,40,40,1177,4,1,688,4
1238118,0,1,Azul,40,40,255,617,4,1,688,4
1243355,0,1,Rojo,255,40,40,1455,5,1,660,5
1243918,0,1,Rojo,255,40,40,412,5,0,660,5
1253432,37,1,Ninguno,40,40,40,6009,1,0,772,1
1313538,47,1,Verde,40,255,40,1239,1,1,772,1
1317625,0,1,Rojo,255,40,40,2106,2,0,744,2
1326461,8,1,Verde,40,255,40,1191,1,1,772,1
1329165,0,1,Verde,40,255,40,723,2,1,744,2
1330854,0,1,Azul,40,40,255,1538,2,1,744,2
1334160,0,1,Verde,40,255,40,724,3,1,716,3
1335135,0,1,Azul,40,40,255,824,3,1,716,3
1336369,0,1,Rojo,255,40,40,1083,3,1,716,3
1340065,0,1,Verde,40,255,40,516,4,1,688,4
1341144,0,1,Azul,40,40,255,927,4,1,688,4
1341913,0,1,Rojo,255,40,40,618,4,1,688,4
1343185,0,1,Verde,40,255,40,1121,4,1,688,4
1352955,36,1,Ninguno,40,40,40,6014,5,0,660,5
1362238,9,1,Ninguno,40,40,40,6038,1,0,772,1
5940,6,1,Azul,40,40,255,1809,1,1,772,1
12637,0,1,Azul,40,40,255,4716,2,1,744,2
18835,0,1,Ninguno,40,40,40,6047,2,0,744,2
31180,7,1,Azul,40,40,255,3232,1,1,772,1
33778,0,1,Azul,40,40,255,616,2,1,744,2
35721,0,1,Rojo,255,40,40,1791,2,1,744,2
41133,0,1,Azul,40,40,255,2831,3,1,716,3
41948,0,1,Rojo,255,40,40,664,3,1,716,3
42099,0,1,Rojo,255,40,40,0,3,1,716,3
46672,0,1,Azul,40,40,255,1392,4,1,688,4
47695,0,1,Rojo,255,40,40,871,4,1,688,4
48409,0,1,Rojo,255,40,40,562,4,1,688,4
54608,0,1,Ninguno,40,40,40,6047,4,0,688,4
9074,7,1,Rojo,255,40,40,2746,1,1,772,1
12193,0,1,Rojo,255,40,40,1137,2,1,744,2
12907,0,1,Azul,40,40,255,562,2,1,744,2
16990,0,1,Rojo,255,40,40,1502,3,1,716,3
17705,0,1,Azul,40,40,255,564,3,1,716,3
18626,0,1,Verde,40,255,40,769,3,1,716,3
22685,0,1,Rojo,255,40,40,877,4,1,688,4
23604,0,1,Azul,40,40,255,767,4,1,688,4
24424,0,1,Verde,40,255,40,669,4,1,688,4
24627,0,1,Verde,40,255,40,51,4,0,688,4
6617,9,1,Azul,40,40,255,1810,1,1,772,1
12295,113,1,Azul,40,40,255,3717,2,1,744,2
13470,113,1,Verde,40,255,40,1024,2,1,744,2
17694,112,1,Azul,40,40,255,1663,3,1,716,3
18928,112,1,Verde,40,255,40,1082,3,1,716,3
19080,112,1,Verde,40,255,40,0,3,1,716,3
23540,112,1,Azul,40,40,255,1299,4,1,688,4
24773,112,1,Verde,40,255,40,1081,4,1,688,4
25333,112,1,Verde,40,255,40,408,4,1,688,4
26407,112,1,Verde,40,255,40,922,4,0,688,4
36063,67,1,Ninguno,40,40,40,6040,1,0,772,1
98589,65,1,Ninguno,40,40,40,6051,1,0,772,1
150563,65,1,Ninguno,40,40,40,6040,1,0,772,1
206535,65,1,Ninguno,40,40,40,6032,1,0,772,1
7977,7,1,Verde,40,255,40,1657,1,1,772,1
10946,0,1,Verde,40,255,40,987,2,1,744,2
11457,0,1,Verde,40,255,40,359,2,1,744,2
15433,0,1,Verde,40,255,40,1395,3,1,716,3
16045,0,1,Verde,40,255,40,460,3,1,716,3
17282,0,1,Azul,40,40,255,1086,3,1,716,3
21883,112,1,Verde,40,255,40,1440,4,1,688,4
22341,112,1,Verde,40,255,40,305,4,1,688,4
23472,112,1,Azul,40,40,255,979,4,1,688,4
24133,112,1,Rojo,255,40,40,510,4,1,688,4
28431,0,1,Verde,40,255,40,516,5,1,660,5
29710,0,1,Verde,40,255,40,1128,5,1,660,5
31087,0,1,Azul,40,40,255,1227,5,1,660,5
31851,0,1,Rojo,255,40,40,612,5,1,660,5
32004,0,1,Rojo,255,40,40,1,5,0,660,5
212616,66,1,Ninguno,40,40,40,6049,1,0,772,1
224825,65,1,Ninguno,40,40,40,6047,1,0,772,1
259595,54,1,Ninguno,40,40,40,6003,1,0,772,1
321765,41,1,Ninguno,40,40,40,6004,1,0,772,1
339758,33,1,Ninguno,40,40,40,6004,1,0,772,1
10789,6,1,Azul,40,40,255,5424,1,1,772,1
14114,0,1,Azul,40,40,255,1344,2,1,744,2
15084,0,1,Verde,40,255,40,818,2,1,744,2
23689,0,1,Ninguno,40,40,40,6023,3,0,716,3
35530,39,1,Ninguno,40,40,40,6029,1,0,772,1
10250,9,1,Azul,40,40,255,4771,1,1,772,1
12983,111,1,Azul,40,40,255,771,2,1,744,2
13750,111,1,Rojo,255,40,40,616,2,1,744,2
18423,0,1,Azul,40,40,255,2092,3,1,716,3
18575,0,1,Azul,40,40,255,0,3,0,716,3
73940,38,1,Ninguno,40,40,40,6028,1,0,772,1
88905,35,1,Ninguno,40,40,40,6029,1,0,772,1
8782,8,1,Rojo,255,40,40,1602,1,1,772,1
12044,0,1,Rojo,255,40,40,1281,2,1,744,2
12196,0,1,Rojo,255,40,40,0,2,1,744,2
16301,4,0,Rojo,255,40,40,1551,3,1,716,3
16915,4,0,Rojo,255,40,40,463,3,1,716,3
17530,4,0,Azul,40,40,255,463,3,1,716,3
22046,0,1,Rojo,255,40,40,1335,4,1,688,4
22607,0,1,Rojo,255,40,40,409,4,1,688,4
23932,0,1,Azul,40,40,255,1172,4,1,688,4
24492,0,1,Azul,40,40,255,409,4,1,688,4
28995,0,1,Rojo,255,40,40,722,5,1,660,5
29607,0,1,Rojo,255,40,40,460,5,1,660,5
30829,0,1,Azul,40,40,255,1070,5,1,660,5
31387,0,1,Azul,40,40,255,406,5,1,660,5
32722,0,1,Rojo,255,40,40,1183,5,1,660,5
37826,0,1,Rojo,255,40,40,723,6,1,632,6
38387,0,1,Rojo,255,40,40,409,6,1,632,6
39101,0,1,Azul,40,40,255,562,6,1,632,6
39711,0,1,Azul,40,40,255,459,6,1,632,6
41038,0,1,Rojo,255,40,40,1175,6,1,632,6
43196,0,1,Verde,40,255,40,2006,6,1,632,6
54220,0,1,Ninguno,40,40,40,6042,7,0,604,7
69070,36,1,Ninguno,40,40,40,6033,1,0,772,1
123564,17,1,Ninguno,40,40,40,6016,1,0,772,1
5443,8,1,Rojo,255,40,40,3630,1,1,772,1
9188,9,1,Rojo,255,40,40,1790,2,1,744,2
9339,9,1,Rojo,255,40,40,1,2,0,744,2
18594,8,1,Ninguno,40,40,40,6009,1,0,772,1
27859,6,1,Ninguno,40,40,40,6021,1,0,772,1
37153,7,1,Ninguno,40,40,40,6048,1,0,772,1
46448,7,1,Ninguno,40,40,40,6050,1,0,772,1
55737,6,1,Ninguno,40,40,40,6044,1,0,772,1
60565,7,1,Azul,40,40,255,1583,1,1,772,1
68549,7,1,Ninguno,40,40,40,6029,2,0,744,2
73943,7,1,Verde,40,255,40,2149,1,1,772,1
76919,7,1,Verde,40,255,40,1022,2,1,744,2
77121,7,1,Verde,40,255,40,50,2,0,744,2
82153,6,1,Verde,40,255,40,1787,1,1,772,1
84620,7,1,Verde,40,255,40,512,2,1,744,2
85330,7,1,Verde,40,255,40,559,2,1,744,2
90014,7,1,Verde,40,255,40,2129,3,1,716,3
90826,7,1,Verde,40,255,40,660,3,1,716,3
92041,7,1,Verde,40,255,40,1063,3,1,716,3
96936,7,1,Verde,40,255,40,1740,4,1,688,4
97239,7,1,Verde,40,255,40,151,4,1,688,4
99364,7,1,Verde,40,255,40,1974,4,1,688,4
100226,7,1,Verde,40,255,40,710,4,0,688,4
109516,6,1,Ninguno,40,40,40,6045,1,0,772,1
118805,7,1,Ninguno,40,40,40,6044,1,0,772,1
128095,6,1,Ninguno,40,40,40,6045,1,0,772,1
137385,7,1,Ninguno,40,40,40,6044,1,0,772,1
146678,7,1,Ninguno,40,40,40,6047,1,0,772,1
155960,6,1,Ninguno,40,40,40,6037,1,0,772,1
165206,6,1,Ninguno,40,40,40,6001,1,0,772,1
174487,7,1,Ninguno,40,40,40,6036,1,0,772,1
183777,7,1,Ninguno,40,40,40,6045,1,0,772,1
193070,7,1,Ninguno,40,40,40,6048,1,0,772,1
202317,7,1,Ninguno,40,40,40,6001,1,0,772,1
211609,7,1,Ninguno,40,40,40,6047,1,0,772,1
220899,7,1,Ninguno,40,40,40,6045,1,0,772,1
230175,6,1,Ninguno,40,40,40,6031,1,0,772,1
239458,7,1,Ninguno,40,40,40,6038,1,0,772,1
248707,6,1,Ninguno,40,40,40,6004,1,0,772,1
257989,7,1,Ninguno,40,40,40,6037,1,0,772,1
267283,7,1,Ninguno,40,40,40,6049,1,0,772,1
276536,6,1,Ninguno,40,40,40,6008,1,0,772,1
285785,6,1,Ninguno,40,40,40,6004,1,0,772,1
295075,7,1,Ninguno,40,40,40,6045,1,0,772,1
304352,7,1,Ninguno,40,40,40,6032,1,0,772,1
313638,7,1,Ninguno,40,40,40,6040,1,0,772,1
322920,7,1,Ninguno,40,40,40,6037,1,0,772,1
332167,7,1,Ninguno,40,40,40,6002,1,0,772,1
341451,6,1,Ninguno,40,40,40,6039,1,0,772,1
